url,cn_name,en_name,birth_date,height,country
http://p8srnd1i0.bkt.clouddn.com/football_star_img_v2/Robert Lewandowski+1988-08-21+185CM/q0.png,莱万多夫斯基,Robert Lewandowski,1988-08-21,185CM,波兰
http://p8srnd1i0.bkt.clouddn.com/football_star_img_v2/Arkadiusz Milik+1994-02-28+186CM/q1.png,米利克,Arkadiusz Milik,1994-02-28,186CM,波兰
http://p8srnd1i0.bkt.clouddn.com/football_star_img_v2/Mariusz Stepinski+nan+183CM/q2.png,斯特平斯基,Mariusz Stepinski,,183CM,波兰
http://p8srnd1i0.bkt.clouddn.com/football_star_img_v2/Kamil Grosicki+1988-06-08+180CM/q3.png,格罗西茨基,Kamil Grosicki,1988-06-08,180CM,波兰
http://p8srnd1i0.bkt.clouddn.com/football_star_img_v2/Jakub Blaszczykowski+1985-12-14+176CM/q4.png,库巴,Jakub Blaszczykowski,1985-12-14,176CM,波兰
http://p8srnd1i0.bkt.clouddn.com/football_star_img_v2/Slawomir Peszko+1985-02-19+173CM/q5.png,佩什科,Slawomir Peszko,1985-02-19,173CM,波兰
http://p8srnd1i0.bkt.clouddn.com/football_star_img_v2/Grzegorz Krychowiak+1990-01-29+186CM/q6.png,克里乔维亚克,Grzegorz Krychowiak,1990-01-29,186CM,波兰
http://p8srnd1i0.bkt.clouddn.com/football_star_img_v2/Piotr Zielinski+1994-05-20+177CM/q7.png,泽林斯基,Piotr Zielinski,1994-05-20,177CM,波兰
http://p8srnd1i0.bkt.clouddn.com/football_star_img_v2/Karol Linetty+1995-02-02+176CM/q8.png,利内蒂,Karol Linetty,1995-02-02,176CM,波兰
http://p8srnd1i0.bkt.clouddn.com/football_star_img_v2/Bartosz Kapustka+nan+179CM/q9.png,卡普斯特卡,Bartosz Kapustka,,179CM,波兰
http://p8srnd1i0.bkt.clouddn.com/football_star_img_v2/Filip Starzynski+nan+184CM/q10.png,斯塔尔津斯基,Filip Starzynski,,184CM,波兰
http://p8srnd1i0.bkt.clouddn.com/football_star_img_v2/Michal Pazdan+1987-09-21+181CM/q11.png,帕兹丹,Michal Pazdan,1987-09-21,181CM,波兰
http://p8srnd1i0.bkt.clouddn.com/football_star_img_v2/Lukasz Piszczek+1985-06-03+184CM/q12.png,皮什切克,Lukasz Piszczek,1985-06-03,184CM,波兰
http://p8srnd1i0.bkt.clouddn.com/football_star_img_v2/Thiago Cionek+1986-04-21+184CM/q13.png,希奥内克,Thiago Cionek,1986-04-21,184CM,波兰
http://p8srnd1i0.bkt.clouddn.com/football_star_img_v2/Bartosz Salamon+nan+196CM/q14.png,萨拉蒙,Bartosz Salamon,,196CM,波兰
http://p8srnd1i0.bkt.clouddn.com/football_star_img_v2/Artur Jedrzejczyk+1987-11-04+189CM/q15.png,耶德泽齐克,Artur Jedrzejczyk,1987-11-04,189CM,波兰
http://p8srnd1i0.bkt.clouddn.com/football_star_img_v2/Tomasz Jodlowiec+nan+189CM/q16.png,若德洛维茨,Tomasz Jodlowiec,,189CM,波兰
http://p8srnd1i0.bkt.clouddn.com/football_star_img_v2/Jakub Wawrzyniak+nan+188CM/q17.png,瓦夫日尼亚克,Jakub Wawrzyniak,,188CM,波兰
http://p8srnd1i0.bkt.clouddn.com/football_star_img_v2/Kamil Glik+1988-02-03+190CM/q18.png,格利克,Kamil Glik,1988-02-03,190CM,波兰
http://p8srnd1i0.bkt.clouddn.com/football_star_img_v2/Artur Boruc+nan+193CM/q19.png,博鲁茨,Artur Boruc,,193CM,波兰
http://p8srnd1i0.bkt.clouddn.com/football_star_img_v2/Lukasz Fabianski+1985-04-18+190CM/q20.png,法比安斯基,Lukasz Fabianski,1985-04-18,190CM,波兰
http://p8srnd1i0.bkt.clouddn.com/football_star_img_v2/Wojciech Szczesny+1990-04-18+195CM/q21.png,斯泽斯尼,Wojciech Szczesny,1990-04-18,195CM,波兰
http://p8srnd1i0.bkt.clouddn.com/football_star_img_v2/Keisuke Honda+1986-06-13+182CM/q22.png,本田圭佑,Keisuke Honda,1986-06-13,182CM,日本
http://p8srnd1i0.bkt.clouddn.com/football_star_img_v2/Shinji Okazaki+nan+173CM/q23.png,冈崎慎司,Shinji Okazaki,,173CM,日本
http://p8srnd1i0.bkt.clouddn.com/football_star_img_v2/Yohei Toyoda+nan+185CM/q24.png,丰田阳平,Yohei Toyoda,,185CM,日本
http://p8srnd1i0.bkt.clouddn.com/football_star_img_v2/Yoshinori Muto+nan+179CM/q25.png,武藤嘉纪,Yoshinori Muto,,179CM,日本
http://p8srnd1i0.bkt.clouddn.com/football_star_img_v2/Gen Shoji+1992-12-11+182CM/q26.png,昌子源,Gen Shoji,1992-12-11,182CM,日本
http://p8srnd1i0.bkt.clouddn.com/football_star_img_v2/Maya Yoshida+nan+189CM/q27.png,吉田麻也,Maya Yoshida,,189CM,日本
http://p8srnd1i0.bkt.clouddn.com/football_star_img_v2/Yasuhito Endo+nan+178CM/q28.png,远藤保仁,Yasuhito Endo,,178CM,日本
http://p8srnd1i0.bkt.clouddn.com/football_star_img_v2/Takashi Inui+nan+169CM/q29.png,乾贵士,Takashi Inui,,169CM,日本
http://p8srnd1i0.bkt.clouddn.com/football_star_img_v2/Shinji Kagawa+nan+175CM/q30.png,香川真司,Shinji Kagawa,,175CM,日本
http://p8srnd1i0.bkt.clouddn.com/football_star_img_v2/Hiroshi Kiyotake+nan+172CM/q31.png,清武弘嗣,Hiroshi Kiyotake,,172CM,日本
http://p8srnd1i0.bkt.clouddn.com/football_star_img_v2/Makoto Hasebe+1984-01-18+180CM/q32.png,长谷部诚,Makoto Hasebe,1984-01-18,180CM,日本
http://p8srnd1i0.bkt.clouddn.com/football_star_img_v2/Gaku Shibasaki+1992-05-28+175CM/q33.png,柴崎岳,Gaku Shibasaki,1992-05-28,175CM,日本
http://p8srnd1i0.bkt.clouddn.com/football_star_img_v2/Gotoku Sakai+1991-03-14+176CM/q34.png,酒井高德,Gotoku Sakai,1991-03-14,176CM,日本
http://p8srnd1i0.bkt.clouddn.com/football_star_img_v2/Yuto Nagatomo+1986-09-12+170CM/q35.png,长友佑都,Yuto Nagatomo,1986-09-12,170CM,日本
http://p8srnd1i0.bkt.clouddn.com/football_star_img_v2/Masato Morishige+nan+180CM/q36.png,森重真人,Masato Morishige,,180CM,日本
http://p8srnd1i0.bkt.clouddn.com/football_star_img_v2/Yasuyuki Konno+nan+178CM/q37.png,今野泰幸,Yasuyuki Konno,,178CM,日本
http://p8srnd1i0.bkt.clouddn.com/football_star_img_v2/Eiji Kawashima+1983-03-20+185CM/q38.png,川岛永嗣,Eiji Kawashima,1983-03-20,185CM,日本
http://p8srnd1i0.bkt.clouddn.com/football_star_img_v2/Shusaku Nishikawa+nan+183CM/q39.png,西川周作,Shusaku Nishikawa,,183CM,日本
http://p8srnd1i0.bkt.clouddn.com/football_star_img_v2/Masaaki Higashiguchi+1986-05-12+184CM/q40.png,东口顺昭,Masaaki Higashiguchi,1986-05-12,184CM,日本
http://p8srnd1i0.bkt.clouddn.com/football_star_img_v2/Javier Hernandez Balcazar+nan+175CM/q41.png,哈维尔·埃尔,Javier Hernandez Balcazar,,175CM,墨西哥
http://p8srnd1i0.bkt.clouddn.com/football_star_img_v2/Javier Aquino+nan+168CM/q42.png,阿基诺,Javier Aquino,,168CM,墨西哥
http://p8srnd1i0.bkt.clouddn.com/football_star_img_v2/Raúl Alonso Jiménez Rodríguez+nan+187CM/q43.png,劳尔·希门尼,Raúl Alonso Jiménez Rodríguez,,187CM,墨西哥
http://p8srnd1i0.bkt.clouddn.com/football_star_img_v2/Oribe Peralta+1984-01-12+180CM/q44.png,奥里比·佩拉,Oribe Peralta,1984-01-12,180CM,墨西哥
http://p8srnd1i0.bkt.clouddn.com/football_star_img_v2/Hirving Rodrigo Lozano Bahena +nan+175CM/q45.png,洛扎诺,Hirving Rodrigo Lozano Bahena ,,175CM,墨西哥
http://p8srnd1i0.bkt.clouddn.com/football_star_img_v2/Diego Reyes+1992-09-19+189CM/q46.png,雷耶斯,Diego Reyes,1992-09-19,189CM,墨西哥
http://p8srnd1i0.bkt.clouddn.com/football_star_img_v2/Miguel Layún+1988-06-25+179CM/q47.png,米格尔·拉云,Miguel Layún,1988-06-25,179CM,墨西哥
http://p8srnd1i0.bkt.clouddn.com/football_star_img_v2/Andrés Guardado+1986-09-28+169CM/q48.png,瓜尔达多,Andrés Guardado,1986-09-28,169CM,墨西哥
http://p8srnd1i0.bkt.clouddn.com/football_star_img_v2/Héctor Herrera+1990-04-19+180CM/q49.png,埃克托·埃雷,Héctor Herrera,1990-04-19,180CM,墨西哥
http://p8srnd1i0.bkt.clouddn.com/football_star_img_v2/Jesús Manuel Corona+1993-01-06+173CM/q50.png,赫苏斯·科洛,Jesús Manuel Corona,1993-01-06,173CM,墨西哥
http://p8srnd1i0.bkt.clouddn.com/football_star_img_v2/Carlos Pea+nan+175CM/q51.png,卡洛斯·佩尼,Carlos Pea,,175CM,墨西哥
http://p8srnd1i0.bkt.clouddn.com/football_star_img_v2/Jesús Molina+1988-03-29+183CM/q52.png,赫苏斯·莫里,Jesús Molina,1988-03-29,183CM,墨西哥
http://p8srnd1i0.bkt.clouddn.com/football_star_img_v2/Néstor Araújo+1991-08-29+188CM/q53.png,内斯托·阿劳,Néstor Araújo,1991-08-29,188CM,墨西哥
http://p8srnd1i0.bkt.clouddn.com/football_star_img_v2/Héctor Moreno+1988-01-17+183CM/q54.png,埃克托·莫雷,Héctor Moreno,1988-01-17,183CM,墨西哥
http://p8srnd1i0.bkt.clouddn.com/football_star_img_v2/Rafael Márquez+nan+185CM/q55.png,拉法埃尔·马,Rafael Márquez,,185CM,墨西哥
http://p8srnd1i0.bkt.clouddn.com/football_star_img_v2/Paul Aguilar+nan+177CM/q56.png,保罗·阿吉拉,Paul Aguilar,,177CM,墨西哥
http://p8srnd1i0.bkt.clouddn.com/football_star_img_v2/Jorge Emmanuel Torres Nilo +nan+180CM/q57.png,若热·托雷斯,Jorge Emmanuel Torres Nilo ,,180CM,墨西哥
http://p8srnd1i0.bkt.clouddn.com/football_star_img_v2/Alfredo Talavera Diaz +nan+188CM/q58.png,阿尔弗雷多·,Alfredo Talavera Diaz ,,188CM,墨西哥
http://p8srnd1i0.bkt.clouddn.com/football_star_img_v2/Jose de Jesús Corona +nan+184CM/q59.png,何塞·科洛纳,Jose de Jesús Corona ,,184CM,墨西哥
http://p8srnd1i0.bkt.clouddn.com/football_star_img_v2/Guillermo Ochoa+1985-07-13+185CM/q60.png,吉列尔莫·奥,Guillermo Ochoa,1985-07-13,185CM,墨西哥
http://p8srnd1i0.bkt.clouddn.com/football_star_img_v2/Haris Seferovic+1992-02-22+185CM/q61.png,塞费罗维奇,Haris Seferovic,1992-02-22,185CM,瑞士
http://p8srnd1i0.bkt.clouddn.com/football_star_img_v2/Breel Embolo+1997-02-14+185CM/q62.png,恩博洛,Breel Embolo,1997-02-14,185CM,瑞士
http://p8srnd1i0.bkt.clouddn.com/football_star_img_v2/Admir Mehmedi+nan+183CM/q63.png,迈赫迈迪,Admir Mehmedi,,183CM,瑞士
http://p8srnd1i0.bkt.clouddn.com/football_star_img_v2/Granit Xhaka+1992-09-27+185CM/q64.png,扎卡,Granit Xhaka,1992-09-27,185CM,瑞士
http://p8srnd1i0.bkt.clouddn.com/football_star_img_v2/Xherdan Shaqiri+nan+169CM/q65.png,沙奇里,Xherdan Shaqiri,,169CM,瑞士
http://p8srnd1i0.bkt.clouddn.com/football_star_img_v2/Blerim Dzemaili+1986-04-12+179CM/q66.png,哲马伊利,Blerim Dzemaili,1986-04-12,179CM,瑞士
http://p8srnd1i0.bkt.clouddn.com/football_star_img_v2/Valon Behrami+1985-04-19+185CM/q67.png,贝赫拉米,Valon Behrami,1985-04-19,185CM,瑞士
http://p8srnd1i0.bkt.clouddn.com/football_star_img_v2/Denis Zakaria+nan+191CM/q68.png,拉多,Denis Zakaria,,191CM,瑞士
http://p8srnd1i0.bkt.clouddn.com/football_star_img_v2/Gelson Fernandes+1986-09-02+179CM/q69.png,费尔南德斯,Gelson Fernandes,1986-09-02,179CM,瑞士
http://p8srnd1i0.bkt.clouddn.com/football_star_img_v2/Gkhan Inler+nan+183CM/q70.png,因勒,Gkhan Inler,,183CM,瑞士
http://p8srnd1i0.bkt.clouddn.com/football_star_img_v2/Fabian Frei+1989-01-08+183CM/q71.png,弗雷,Fabian Frei,1989-01-08,183CM,瑞士
http://p8srnd1i0.bkt.clouddn.com/football_star_img_v2/Shani Tarashaj+nan+176CM/q72.png,塔拉沙伊,Shani Tarashaj,,176CM,瑞士
http://p8srnd1i0.bkt.clouddn.com/football_star_img_v2/Fabian Schr+nan+188CM/q73.png,沙尔,Fabian Schr,,188CM,瑞士
http://p8srnd1i0.bkt.clouddn.com/football_star_img_v2/Ricardo Rodríguez+1992-08-25+181CM/q74.png,罗德里格斯,Ricardo Rodríguez,1992-08-25,181CM,瑞士
http://p8srnd1i0.bkt.clouddn.com/football_star_img_v2/Steve Von Bergen+nan+182CM/q75.png,冯贝尔根,Steve Von Bergen,,182CM,瑞士
http://p8srnd1i0.bkt.clouddn.com/football_star_img_v2/Stephan Lichtsteiner+1984-01-16+182CM/q76.png,利希施泰纳,Stephan Lichtsteiner,1984-01-16,182CM,瑞士
http://p8srnd1i0.bkt.clouddn.com/football_star_img_v2/Franois Moubandje+nan+180CM/q77.png,穆班杰,Franois Moubandje,,180CM,瑞士
http://p8srnd1i0.bkt.clouddn.com/football_star_img_v2/Nico Elvedi+1996-09-30+188CM/q78.png,埃尔维迪,Nico Elvedi,1996-09-30,188CM,瑞士
http://p8srnd1i0.bkt.clouddn.com/football_star_img_v2/Michael Lang+1991-02-08+185CM/q79.png,朗,Michael Lang,1991-02-08,185CM,瑞士
http://p8srnd1i0.bkt.clouddn.com/football_star_img_v2/Johan Djourou+nan+191CM/q80.png,朱鲁,Johan Djourou,,191CM,瑞士
http://p8srnd1i0.bkt.clouddn.com/football_star_img_v2/Marwin Hitz+1987-09-18+193CM/q81.png,希茨,Marwin Hitz,1987-09-18,193CM,瑞士
http://p8srnd1i0.bkt.clouddn.com/football_star_img_v2/Roman Bürki+1990-11-14+187CM/q82.png,布尔基,Roman Bürki,1990-11-14,187CM,瑞士
http://p8srnd1i0.bkt.clouddn.com/football_star_img_v2/Yann Sommer+1988-12-17+183CM/q83.png,索默,Yann Sommer,1988-12-17,183CM,瑞士
http://p8srnd1i0.bkt.clouddn.com/football_star_img_v2/Eden Hazard+1991-01-07+173CM/q84.png,阿扎尔,Eden Hazard,1991-01-07,173CM,比利时
http://p8srnd1i0.bkt.clouddn.com/football_star_img_v2/Christian Benteke+nan+190CM/q85.png,本泰克,Christian Benteke,,190CM,比利时
http://p8srnd1i0.bkt.clouddn.com/football_star_img_v2/Kevin De Bruyne+1991-06-28+181CM/q86.png,德布劳内,Kevin De Bruyne,1991-06-28,181CM,比利时
http://p8srnd1i0.bkt.clouddn.com/football_star_img_v2/Romelu Lukaku+1993-05-13+190CM/q87.png,卢卡库,Romelu Lukaku,1993-05-13,190CM,比利时
http://p8srnd1i0.bkt.clouddn.com/football_star_img_v2/Yannick Ferreira-Carrasco+nan+181CM/q88.png,卡拉斯科,Yannick Ferreira-Carrasco,,181CM,比利时
http://p8srnd1i0.bkt.clouddn.com/football_star_img_v2/Michy Batshuayi+1993-10-02+185CM/q89.png,巴舒亚伊,Michy Batshuayi,1993-10-02,185CM,比利时
http://p8srnd1i0.bkt.clouddn.com/football_star_img_v2/Dries Mertens+1987-05-06+169CM/q90.png,默滕斯,Dries Mertens,1987-05-06,169CM,比利时
http://p8srnd1i0.bkt.clouddn.com/football_star_img_v2/Divock Origi+1995-04-18+185CM/q91.png,奥利吉,Divock Origi,1995-04-18,185CM,比利时
http://p8srnd1i0.bkt.clouddn.com/football_star_img_v2/Moussa Dembele+nan+185CM/q92.png,登贝莱,Moussa Dembele,,185CM,比利时
http://p8srnd1i0.bkt.clouddn.com/football_star_img_v2/Marouane Fellaini+1987-11-22+194CM/q93.png,费莱尼,Marouane Fellaini,1987-11-22,194CM,比利时
http://p8srnd1i0.bkt.clouddn.com/football_star_img_v2/Radja Nainggolan+1988-05-04+176CM/q94.png,纳因戈兰,Radja Nainggolan,1988-05-04,176CM,比利时
http://p8srnd1i0.bkt.clouddn.com/football_star_img_v2/Axel Witsel+1989-01-12+186CM/q95.png,维特塞尔,Axel Witsel,1989-01-12,186CM,比利时
http://p8srnd1i0.bkt.clouddn.com/football_star_img_v2/Toby Alderweireld+1989-03-02+186CM/q96.png,阿尔德韦雷尔,Toby Alderweireld,1989-03-02,186CM,比利时
http://p8srnd1i0.bkt.clouddn.com/football_star_img_v2/Thomas Vermaelen+1985-11-14+183CM/q97.png,维尔马伦,Thomas Vermaelen,1985-11-14,183CM,比利时
http://p8srnd1i0.bkt.clouddn.com/football_star_img_v2/Jan Vertonghen+1987-04-24+189CM/q98.png,维尔通亨,Jan Vertonghen,1987-04-24,189CM,比利时
http://p8srnd1i0.bkt.clouddn.com/football_star_img_v2/Jordan Zacharie Lukaku Menama+nan+177CM/q99.png,卢卡库,Jordan Zacharie Lukaku Menama,,177CM,比利时
http://p8srnd1i0.bkt.clouddn.com/football_star_img_v2/Thomas Meunier+1991-09-12+190CM/q100.png,穆尼耶,Thomas Meunier,1991-09-12,190CM,比利时
http://p8srnd1i0.bkt.clouddn.com/football_star_img_v2/Laurent Ciman+1985-08-05+182CM/q101.png,希曼,Laurent Ciman,1985-08-05,182CM,比利时
http://p8srnd1i0.bkt.clouddn.com/football_star_img_v2/Christian Kabasele+nan+188CM/q102.png,卡巴瑟勒,Christian Kabasele,,188CM,比利时
http://p8srnd1i0.bkt.clouddn.com/football_star_img_v2/Simon Mignolet+1988-03-06+193CM/q103.png,米尼奥莱,Simon Mignolet,1988-03-06,193CM,比利时
http://p8srnd1i0.bkt.clouddn.com/football_star_img_v2/Jean-Franois Gillet+nan+180CM/q104.png,吉莱,Jean-Franois Gillet,,180CM,比利时
http://p8srnd1i0.bkt.clouddn.com/football_star_img_v2/Thibaut Courtois+nan+199CM/q105.png,库尔图瓦,Thibaut Courtois,,199CM,比利时
http://p8srnd1i0.bkt.clouddn.com/football_star_img_v2/lvaro Saborio+nan+183CM/q106.png,萨沃里奥,lvaro Saborio,,183CM,哥斯达黎加
http://p8srnd1i0.bkt.clouddn.com/football_star_img_v2/Bryan Ruiz+1985-08-18+186CM/q107.png,布莱恩·鲁伊,Bryan Ruiz,1985-08-18,186CM,哥斯达黎加
http://p8srnd1i0.bkt.clouddn.com/football_star_img_v2/Celso Borges+1988-05-27+182CM/q108.png,博格斯,Celso Borges,1988-05-27,182CM,哥斯达黎加
http://p8srnd1i0.bkt.clouddn.com/football_star_img_v2/Joel Campbell+nan+178CM/q109.png,坎贝尔,Joel Campbell,,178CM,哥斯达黎加
http://p8srnd1i0.bkt.clouddn.com/football_star_img_v2/Yeltsin Tejeda Valverde+nan+175CM/q110.png,叶尔钦·特赫,Yeltsin Tejeda Valverde,,175CM,哥斯达黎加
http://p8srnd1i0.bkt.clouddn.com/football_star_img_v2/Cristian Gamboa+1989-10-24+175CM/q111.png,冈沃亚,Cristian Gamboa,1989-10-24,175CM,哥斯达黎加
http://p8srnd1i0.bkt.clouddn.com/football_star_img_v2/Oscar Duarte+nan+186CM/q112.png,奥斯卡·杜亚,Oscar Duarte,,186CM,哥斯达黎加
http://p8srnd1i0.bkt.clouddn.com/football_star_img_v2/Bryan Oviedo+1990-02-18+172CM/q113.png,奥维多,Bryan Oviedo,1990-02-18,172CM,哥斯达黎加
http://p8srnd1i0.bkt.clouddn.com/football_star_img_v2/Marijo Mandzukic+nan+190CM/q114.png,曼朱基奇,Marijo Mandzukic,,190CM,克罗地亚
http://p8srnd1i0.bkt.clouddn.com/football_star_img_v2/Nikola Kalinic+1988-01-05+187CM/q115.png,卡利尼奇,Nikola Kalinic,1988-01-05,187CM,克罗地亚
http://p8srnd1i0.bkt.clouddn.com/football_star_img_v2/Andrej Kramaric+1991-06-19+177CM/q116.png,克拉马里奇,Andrej Kramaric,1991-06-19,177CM,克罗地亚
http://p8srnd1i0.bkt.clouddn.com/football_star_img_v2/Marko Pjaca+1995-05-06+186CM/q117.png,普亚卡,Marko Pjaca,1995-05-06,186CM,克罗地亚
http://p8srnd1i0.bkt.clouddn.com/football_star_img_v2/Luka Modric+nan+174CM/q118.png,莫德里奇,Luka Modric,,174CM,克罗地亚
http://p8srnd1i0.bkt.clouddn.com/football_star_img_v2/Ivan Rakitic+1988-03-10+184CM/q119.png,拉基蒂奇,Ivan Rakitic,1988-03-10,184CM,克罗地亚
http://p8srnd1i0.bkt.clouddn.com/football_star_img_v2/Ivan Perisic+1989-02-02+187CM/q120.png,佩里西奇,Ivan Perisic,1989-02-02,187CM,克罗地亚
http://p8srnd1i0.bkt.clouddn.com/football_star_img_v2/Milan Badelj+1989-02-25+186CM/q121.png,巴德利,Milan Badelj,1989-02-25,186CM,克罗地亚
http://p8srnd1i0.bkt.clouddn.com/football_star_img_v2/Mateo Kovacic+1994-05-06+178CM/q122.png,科瓦契奇,Mateo Kovacic,1994-05-06,178CM,克罗地亚
http://p8srnd1i0.bkt.clouddn.com/football_star_img_v2/Marcelo Brozovic+1992-11-16+181CM/q123.png,布罗佐维奇,Marcelo Brozovic,1992-11-16,181CM,克罗地亚
http://p8srnd1i0.bkt.clouddn.com/football_star_img_v2/Marko Rog+1995-07-19+180CM/q124.png,罗格,Marko Rog,1995-07-19,180CM,克罗地亚
http://p8srnd1i0.bkt.clouddn.com/football_star_img_v2/Vedran Corluka+1986-02-05+192CM/q125.png,乔尔卢卡,Vedran Corluka,1986-02-05,192CM,克罗地亚
http://p8srnd1i0.bkt.clouddn.com/football_star_img_v2/Sime Vrsaljko+1992-01-10+181CM/q126.png,弗尔萨利科,Sime Vrsaljko,1992-01-10,181CM,克罗地亚
http://p8srnd1i0.bkt.clouddn.com/football_star_img_v2/Darijo Srna+nan+178CM/q127.png,斯尔纳,Darijo Srna,,178CM,克罗地亚
http://p8srnd1i0.bkt.clouddn.com/football_star_img_v2/Ivan Strinic+nan+186CM/q128.png,斯特里尼奇,Ivan Strinic,,186CM,克罗地亚
http://p8srnd1i0.bkt.clouddn.com/football_star_img_v2/Gordon Schildenfeld+nan+191CM/q129.png,斯基尔登菲特,Gordon Schildenfeld,,191CM,克罗地亚
http://p8srnd1i0.bkt.clouddn.com/football_star_img_v2/Tin Jedvaj+1995-11-28+184CM/q130.png,耶德瓦伊,Tin Jedvaj,1995-11-28,184CM,克罗地亚
http://p8srnd1i0.bkt.clouddn.com/football_star_img_v2/Danijel Subasic+1984-10-27+191CM/q131.png,苏巴希奇,Danijel Subasic,1984-10-27,191CM,克罗地亚
http://p8srnd1i0.bkt.clouddn.com/football_star_img_v2/Ivan Vargic+nan+192CM/q132.png,瓦尔吉奇,Ivan Vargic,,192CM,克罗地亚
http://p8srnd1i0.bkt.clouddn.com/football_star_img_v2/Antoine Griezmann+1991-03-21+175CM/q133.png,格列兹曼,Antoine Griezmann,1991-03-21,175CM,法国
http://p8srnd1i0.bkt.clouddn.com/football_star_img_v2/Olivier Giroud+1986-09-30+192CM/q134.png,吉鲁,Olivier Giroud,1986-09-30,192CM,法国
http://p8srnd1i0.bkt.clouddn.com/football_star_img_v2/Anthony Martial+1995-12-05+181CM/q135.png,马夏尔,Anthony Martial,1995-12-05,181CM,法国
http://p8srnd1i0.bkt.clouddn.com/football_star_img_v2/André-Pierre Gignac+nan+186CM/q136.png,吉尼亚克,André-Pierre Gignac,,186CM,法国
http://p8srnd1i0.bkt.clouddn.com/football_star_img_v2/Dimitri Payet+nan+175CM/q137.png,帕耶,Dimitri Payet,,175CM,法国
http://p8srnd1i0.bkt.clouddn.com/football_star_img_v2/Alexandre Lacazette+nan+175CM/q138.png,拉卡泽特,Alexandre Lacazette,,175CM,法国
http://p8srnd1i0.bkt.clouddn.com/football_star_img_v2/Blaise Matuidi+1987-04-09+180CM/q139.png,马图伊迪,Blaise Matuidi,1987-04-09,180CM,法国
http://p8srnd1i0.bkt.clouddn.com/football_star_img_v2/Paul Pogba+1993-03-15+191CM/q140.png,博格巴,Paul Pogba,1993-03-15,191CM,法国
http://p8srnd1i0.bkt.clouddn.com/football_star_img_v2/Kingsley Coman+nan+178CM/q141.png,科曼,Kingsley Coman,,178CM,法国
http://p8srnd1i0.bkt.clouddn.com/football_star_img_v2/Morgan Schneiderlin+nan+181CM/q142.png,施内德林,Morgan Schneiderlin,,181CM,法国
http://p8srnd1i0.bkt.clouddn.com/football_star_img_v2/Moussa Sissoko+nan+187CM/q143.png,西索科,Moussa Sissoko,,187CM,法国
http://p8srnd1i0.bkt.clouddn.com/football_star_img_v2/Yohan Cabaye+nan+174CM/q144.png,卡巴耶,Yohan Cabaye,,174CM,法国
http://p8srnd1i0.bkt.clouddn.com/football_star_img_v2/Hatem Ben Arfa+nan+178CM/q145.png,本阿尔法,Hatem Ben Arfa,,178CM,法国
http://p8srnd1i0.bkt.clouddn.com/football_star_img_v2/Ngolo Kante+nan+168CM/q146.png,坎特,Ngolo Kante,,168CM,法国
http://p8srnd1i0.bkt.clouddn.com/football_star_img_v2/Bacary Sagna+nan+176CM/q147.png,萨尼亚,Bacary Sagna,,176CM,法国
http://p8srnd1i0.bkt.clouddn.com/football_star_img_v2/Patrice Evra+nan+174CM/q148.png,埃弗拉,Patrice Evra,,174CM,法国
http://p8srnd1i0.bkt.clouddn.com/football_star_img_v2/Adil Rami+nan+190CM/q149.png,拉米,Adil Rami,,190CM,法国
http://p8srnd1i0.bkt.clouddn.com/football_star_img_v2/Laurent Koscielny+1985-09-10+186CM/q150.png,科斯切尔尼,Laurent Koscielny,1985-09-10,186CM,法国
http://p8srnd1i0.bkt.clouddn.com/football_star_img_v2/Lucas Digne+1993-07-20+178CM/q151.png,迪涅,Lucas Digne,1993-07-20,178CM,法国
http://p8srnd1i0.bkt.clouddn.com/football_star_img_v2/Eliaquim Mangala+nan+188CM/q152.png,曼加拉,Eliaquim Mangala,,188CM,法国
http://p8srnd1i0.bkt.clouddn.com/football_star_img_v2/Christophe Jallet+nan+178CM/q153.png,贾莱特,Christophe Jallet,,178CM,法国
http://p8srnd1i0.bkt.clouddn.com/football_star_img_v2/Samuel Umtiti+1993-11-14+182CM/q154.png,乌姆蒂蒂,Samuel Umtiti,1993-11-14,182CM,法国
http://p8srnd1i0.bkt.clouddn.com/football_star_img_v2/Hugo Lloris+1986-12-26+188CM/q155.png,洛里斯,Hugo Lloris,1986-12-26,188CM,法国
http://p8srnd1i0.bkt.clouddn.com/football_star_img_v2/Steve Mandanda+1985-03-28+185CM/q156.png,曼丹达,Steve Mandanda,1985-03-28,185CM,法国
http://p8srnd1i0.bkt.clouddn.com/football_star_img_v2/Benoit Costil+nan+188CM/q157.png,科斯蒂尔,Benoit Costil,,188CM,法国
http://p8srnd1i0.bkt.clouddn.com/football_star_img_v2/Lionel Messi+1987-06-24+170CM/q158.png,梅西,Lionel Messi,1987-06-24,170CM,阿根廷
http://p8srnd1i0.bkt.clouddn.com/football_star_img_v2/Sergio Agüero+1988-06-02+173CM/q159.png,阿圭罗,Sergio Agüero,1988-06-02,173CM,阿根廷
http://p8srnd1i0.bkt.clouddn.com/football_star_img_v2/Gonzalo Higuaín+1987-12-10+186CM/q160.png,伊瓜因,Gonzalo Higuaín,1987-12-10,186CM,阿根廷
http://p8srnd1i0.bkt.clouddn.com/football_star_img_v2/Ángel Di María+1988-02-14+178CM/q161.png,迪马利亚,Ángel Di María,1988-02-14,178CM,阿根廷
http://p8srnd1i0.bkt.clouddn.com/football_star_img_v2/Ezequiel Lavezzi+nan+173CM/q162.png,拉维齐,Ezequiel Lavezzi,,173CM,阿根廷
http://p8srnd1i0.bkt.clouddn.com/football_star_img_v2/Javier Mascherano+1984-06-08+174CM/q163.png,马斯切拉诺,Javier Mascherano,1984-06-08,174CM,阿根廷
http://p8srnd1i0.bkt.clouddn.com/football_star_img_v2/Matías Kranevitter +nan+178CM/q164.png,马蒂亚斯·克,Matías Kranevitter ,,178CM,阿根廷
http://p8srnd1i0.bkt.clouddn.com/football_star_img_v2/Lucas Biglia+1986-01-30+178CM/q165.png,比格利亚,Lucas Biglia,1986-01-30,178CM,阿根廷
http://p8srnd1i0.bkt.clouddn.com/football_star_img_v2/Erik Lamela+nan+181CM/q166.png,拉梅拉,Erik Lamela,,181CM,阿根廷
http://p8srnd1i0.bkt.clouddn.com/football_star_img_v2/Javier Pastore+nan+187CM/q167.png,帕斯托雷,Javier Pastore,,187CM,阿根廷
http://p8srnd1i0.bkt.clouddn.com/football_star_img_v2/ver Banega+nan+174CM/q168.png,巴内加,ver Banega,,174CM,阿根廷
http://p8srnd1i0.bkt.clouddn.com/football_star_img_v2/Nicolás Gaitán+nan+173CM/q169.png,尼古拉斯·盖,Nicolás Gaitán,,173CM,阿根廷
http://p8srnd1i0.bkt.clouddn.com/football_star_img_v2/Jonathan Maidana+nan+183CM/q170.png,乔纳森·麦达,Jonathan Maidana,,183CM,阿根廷
http://p8srnd1i0.bkt.clouddn.com/football_star_img_v2/Facundo Roncaglia+nan+179CM/q171.png,隆卡利亚,Facundo Roncaglia,,179CM,阿根廷
http://p8srnd1i0.bkt.clouddn.com/football_star_img_v2/Nicolás Otamendi+1988-02-12+183CM/q172.png,奥塔门迪,Nicolás Otamendi,1988-02-12,183CM,阿根廷
http://p8srnd1i0.bkt.clouddn.com/football_star_img_v2/Marcos Rojo+1990-03-20+187CM/q173.png,罗霍,Marcos Rojo,1990-03-20,187CM,阿根廷
http://p8srnd1i0.bkt.clouddn.com/football_star_img_v2/Ramiro Funes Mori+1991-03-05+186CM/q174.png,福尼斯,Ramiro Funes Mori,1991-03-05,186CM,阿根廷
http://p8srnd1i0.bkt.clouddn.com/football_star_img_v2/Gabriel Mercado+1987-03-18+181CM/q175.png,默卡多,Gabriel Mercado,1987-03-18,181CM,阿根廷
http://p8srnd1i0.bkt.clouddn.com/football_star_img_v2/Mariano Andujar+nan+194CM/q176.png,马里亚诺·安,Mariano Andujar,,194CM,阿根廷
http://p8srnd1i0.bkt.clouddn.com/football_star_img_v2/Sebastian Romero+nan+171CM/q177.png,罗梅罗,Sebastian Romero,,171CM,阿根廷
http://p8srnd1i0.bkt.clouddn.com/football_star_img_v2/Nahuel Ignacio Guzman +nan+192CM/q178.png,纳胡尔·古兹,Nahuel Ignacio Guzman ,,192CM,阿根廷
http://p8srnd1i0.bkt.clouddn.com/football_star_img_v2/Heung-Min Son+nan+183CM/q179.png,孙兴民,Heung-Min Son,,183CM,韩国
http://p8srnd1i0.bkt.clouddn.com/football_star_img_v2/Lee Chung-Yong+nan+180CM/q180.png,李青龙,Lee Chung-Yong,,180CM,韩国
http://p8srnd1i0.bkt.clouddn.com/football_star_img_v2/Du-ri Cha+nan+181CM/q181.png,车杜里,Du-ri Cha,,181CM,韩国
http://p8srnd1i0.bkt.clouddn.com/football_star_img_v2/Sung-Yueng Ki+nan+187CM/q182.png,寄诚庸,Sung-Yueng Ki,,187CM,韩国
http://p8srnd1i0.bkt.clouddn.com/football_star_img_v2/Chang-Soo Kim+nan+179CM/q183.png,金昌洙,Chang-Soo Kim,,179CM,韩国
http://p8srnd1i0.bkt.clouddn.com/football_star_img_v2/Jin-Su Kim+nan+177CM/q184.png,金珍洙,Jin-Su Kim,,177CM,韩国
http://p8srnd1i0.bkt.clouddn.com/football_star_img_v2/Ju-young Kim+nan+184CM/q185.png,金周荣,Ju-young Kim,,184CM,韩国
http://p8srnd1i0.bkt.clouddn.com/football_star_img_v2/Joo-Ho Park+nan+176CM/q186.png,朴柱昊,Joo-Ho Park,,176CM,韩国
http://p8srnd1i0.bkt.clouddn.com/football_star_img_v2/Min-woo Kim+nan+172CM/q187.png,金民友,Min-woo Kim,,172CM,韩国
http://p8srnd1i0.bkt.clouddn.com/football_star_img_v2/Young-Gwon Kim+nan+184CM/q188.png,金英权,Young-Gwon Kim,,184CM,韩国
http://p8srnd1i0.bkt.clouddn.com/football_star_img_v2/Sung-Ryong Jung+nan+190CM/q189.png,郑成龙,Sung-Ryong Jung,,190CM,韩国
http://p8srnd1i0.bkt.clouddn.com/football_star_img_v2/Seung-gyu Kim+nan+187CM/q190.png,金承奎,Seung-gyu Kim,,187CM,韩国
http://p8srnd1i0.bkt.clouddn.com/football_star_img_v2/Gabriel Torres+nan+180CM/q191.png,加布里埃尔·,Gabriel Torres,,180CM,巴拿马
http://p8srnd1i0.bkt.clouddn.com/football_star_img_v2/Blas Perez+nan+187CM/q192.png,布拉斯·佩雷,Blas Perez,,187CM,巴拿马
http://p8srnd1i0.bkt.clouddn.com/football_star_img_v2/Armando Cooper+nan+182CM/q193.png,库珀,Armando Cooper,,182CM,巴拿马
http://p8srnd1i0.bkt.clouddn.com/football_star_img_v2/Felipe Abdiel Baloy Ramirez +nan+184CM/q194.png,菲利佩·巴洛,Felipe Abdiel Baloy Ramirez ,,184CM,巴拿马
http://p8srnd1i0.bkt.clouddn.com/football_star_img_v2/Luis Henriquez+nan+176CM/q195.png,路易斯·恩里,Luis Henriquez,,176CM,巴拿马
http://p8srnd1i0.bkt.clouddn.com/football_star_img_v2/Jaime Penedo+nan+183CM/q196.png,帕涅多,Jaime Penedo,,183CM,巴拿马
http://p8srnd1i0.bkt.clouddn.com/football_star_img_v2/Marcus Rashford+1997-10-31+180CM/q197.png,拉什福德,Marcus Rashford,1997-10-31,180CM,英格兰
http://p8srnd1i0.bkt.clouddn.com/football_star_img_v2/Harry Kane+nan+188CM/q198.png,凯恩,Harry Kane,,188CM,英格兰
http://p8srnd1i0.bkt.clouddn.com/football_star_img_v2/Jamie Vardy+1987-01-11+179CM/q199.png,瓦尔迪,Jamie Vardy,1987-01-11,179CM,英格兰
http://p8srnd1i0.bkt.clouddn.com/football_star_img_v2/Daniel Sturridge+nan+188CM/q200.png,斯图里奇,Daniel Sturridge,,188CM,英格兰
http://p8srnd1i0.bkt.clouddn.com/football_star_img_v2/Wayne Rooney+nan+176CM/q201.png,鲁尼,Wayne Rooney,,176CM,英格兰
http://p8srnd1i0.bkt.clouddn.com/football_star_img_v2/Jordan Henderson+1990-06-17+182CM/q202.png,亨德森,Jordan Henderson,1990-06-17,182CM,英格兰
http://p8srnd1i0.bkt.clouddn.com/football_star_img_v2/Adam Lallana+1988-05-10+172CM/q203.png,拉拉纳,Adam Lallana,1988-05-10,172CM,英格兰
http://p8srnd1i0.bkt.clouddn.com/football_star_img_v2/James Milner+nan+175CM/q204.png,米尔纳,James Milner,,175CM,英格兰
http://p8srnd1i0.bkt.clouddn.com/football_star_img_v2/William Buckley+nan+183CM/q205.png,巴克利,William Buckley,,183CM,英格兰
http://p8srnd1i0.bkt.clouddn.com/football_star_img_v2/Raheem Sterling+1994-12-08+170CM/q206.png,斯特林,Raheem Sterling,1994-12-08,170CM,英格兰
http://p8srnd1i0.bkt.clouddn.com/football_star_img_v2/Jack Wilshere+nan+172CM/q207.png,威尔谢尔,Jack Wilshere,,172CM,英格兰
http://p8srnd1i0.bkt.clouddn.com/football_star_img_v2/Bamidele Alli+nan+188CM/q208.png,阿利,Bamidele Alli,,188CM,英格兰
http://p8srnd1i0.bkt.clouddn.com/football_star_img_v2/Ryan Bertrand+nan+179CM/q209.png,伯特兰,Ryan Bertrand,,179CM,英格兰
http://p8srnd1i0.bkt.clouddn.com/football_star_img_v2/John Stones+1994-05-28+188CM/q210.png,斯通斯,John Stones,1994-05-28,188CM,英格兰
http://p8srnd1i0.bkt.clouddn.com/football_star_img_v2/Gary Cahill+nan+193CM/q211.png,卡希尔,Gary Cahill,,193CM,英格兰
http://p8srnd1i0.bkt.clouddn.com/football_star_img_v2/Danny Rose+1990-07-02+173CM/q212.png,罗斯,Danny Rose,1990-07-02,173CM,英格兰
http://p8srnd1i0.bkt.clouddn.com/football_star_img_v2/Chris Smalling+nan+194CM/q213.png,斯莫林,Chris Smalling,,194CM,英格兰
http://p8srnd1i0.bkt.clouddn.com/football_star_img_v2/Nathaniel Clyne+nan+175CM/q214.png,克利尼,Nathaniel Clyne,,175CM,英格兰
http://p8srnd1i0.bkt.clouddn.com/football_star_img_v2/Eric Dier+1994-01-15+188CM/q215.png,迪尔,Eric Dier,1994-01-15,188CM,英格兰
http://p8srnd1i0.bkt.clouddn.com/football_star_img_v2/Tom Heaton+nan+188CM/q216.png,希顿,Tom Heaton,,188CM,英格兰
http://p8srnd1i0.bkt.clouddn.com/football_star_img_v2/Fraser Forster+nan+201CM/q217.png,福斯特,Fraser Forster,,201CM,英格兰
http://p8srnd1i0.bkt.clouddn.com/football_star_img_v2/Joe Hart+1987-04-19+196CM/q218.png,哈特,Joe Hart,1987-04-19,196CM,英格兰
http://p8srnd1i0.bkt.clouddn.com/football_star_img_v2/Edinson Cavani+1987-02-14+184CM/q219.png,卡瓦尼,Edinson Cavani,1987-02-14,184CM,乌拉圭
http://p8srnd1i0.bkt.clouddn.com/football_star_img_v2/Christian Stuani+nan+186CM/q220.png,斯图亚尼,Christian Stuani,,186CM,乌拉圭
http://p8srnd1i0.bkt.clouddn.com/football_star_img_v2/Nicolás Lodeiro+nan+170CM/q221.png,洛代罗,Nicolás Lodeiro,,170CM,乌拉圭
http://p8srnd1i0.bkt.clouddn.com/football_star_img_v2/Abel Hernández+nan+185CM/q222.png,阿贝尔·埃尔,Abel Hernández,,185CM,乌拉圭
http://p8srnd1i0.bkt.clouddn.com/football_star_img_v2/Luis Suárez+1987-01-24+182CM/q223.png,苏亚雷斯,Luis Suárez,1987-01-24,182CM,乌拉圭
http://p8srnd1i0.bkt.clouddn.com/football_star_img_v2/lvaro González+nan+176CM/q224.png,阿尔瓦罗·冈,lvaro González,,176CM,乌拉圭
http://p8srnd1i0.bkt.clouddn.com/football_star_img_v2/Egidio Raul Arevalo Rios +nan+170CM/q225.png,埃吉迪奥·阿,Egidio Raul Arevalo Rios ,,170CM,乌拉圭
http://p8srnd1i0.bkt.clouddn.com/football_star_img_v2/Carlos Sánchez+1986-02-06+170CM/q226.png,桑切兹,Carlos Sánchez,1986-02-06,170CM,乌拉圭
http://p8srnd1i0.bkt.clouddn.com/football_star_img_v2/Diego Rolan+nan+177CM/q227.png,罗兰,Diego Rolan,,177CM,乌拉圭
http://p8srnd1i0.bkt.clouddn.com/football_star_img_v2/Diego Laxalt+1993-02-07+178CM/q228.png,拉夏尔特,Diego Laxalt,1993-02-07,178CM,乌拉圭
http://p8srnd1i0.bkt.clouddn.com/football_star_img_v2/Matias Vecino+nan+187CM/q229.png,马蒂亚斯·贝,Matias Vecino,,187CM,乌拉圭
http://p8srnd1i0.bkt.clouddn.com/football_star_img_v2/Gastón Ramírez+1990-12-02+183CM/q230.png,加斯顿·拉米,Gastón Ramírez,1990-12-02,183CM,乌拉圭
http://p8srnd1i0.bkt.clouddn.com/football_star_img_v2/Diego Godín+1986-02-16+187CM/q231.png,戈丁,Diego Godín,1986-02-16,187CM,乌拉圭
http://p8srnd1i0.bkt.clouddn.com/football_star_img_v2/lvaro Pereira+nan+180CM/q232.png,阿尔瓦罗·佩,lvaro Pereira,,180CM,乌拉圭
http://p8srnd1i0.bkt.clouddn.com/football_star_img_v2/José María Giménez de Vargas+nan+185CM/q233.png,希门尼斯,José María Giménez de Vargas,,185CM,乌拉圭
http://p8srnd1i0.bkt.clouddn.com/football_star_img_v2/Victorio Maximiliano Pereira Páez+nan+173CM/q234.png,马克西·佩雷,Victorio Maximiliano Pereira Páez,,173CM,乌拉圭
http://p8srnd1i0.bkt.clouddn.com/football_star_img_v2/Fernando Muslera+nan+190CM/q235.png,费尔南多·穆,Fernando Muslera,,190CM,乌拉圭
http://p8srnd1i0.bkt.clouddn.com/football_star_img_v2/Martin Andres Silva Leites +nan+186CM/q236.png,马丁·席尔瓦,Martin Andres Silva Leites ,,186CM,乌拉圭
http://p8srnd1i0.bkt.clouddn.com/football_star_img_v2/Fedor Smolov+1990-02-09+187CM/q237.png,斯莫洛夫,Fedor Smolov,1990-02-09,187CM,俄罗斯
http://p8srnd1i0.bkt.clouddn.com/football_star_img_v2/Alexander Kokorin+nan+183CM/q238.png,科科林,Alexander Kokorin,,183CM,俄罗斯
http://p8srnd1i0.bkt.clouddn.com/football_star_img_v2/Artem Dzyuba+1988-08-22+196CM/q239.png,久巴,Artem Dzyuba,1988-08-22,196CM,俄罗斯
http://p8srnd1i0.bkt.clouddn.com/football_star_img_v2/Denis Glushakov+1987-01-27+182CM/q240.png,格卢沙科夫,Denis Glushakov,1987-01-27,182CM,俄罗斯
http://p8srnd1i0.bkt.clouddn.com/football_star_img_v2/Alan Dzagoev+1990-06-17+179CM/q241.png,扎戈耶夫,Alan Dzagoev,1990-06-17,179CM,俄罗斯
http://p8srnd1i0.bkt.clouddn.com/football_star_img_v2/Oleg Shatov+nan+173CM/q242.png,沙托夫,Oleg Shatov,,173CM,俄罗斯
http://p8srnd1i0.bkt.clouddn.com/football_star_img_v2/Oleg Ivanov+nan+192CM/q243.png,伊万诺夫,Oleg Ivanov,,192CM,俄罗斯
http://p8srnd1i0.bkt.clouddn.com/football_star_img_v2/Aleksandr Samedov+1984-07-19+177CM/q244.png,萨梅多夫,Aleksandr Samedov,1984-07-19,177CM,俄罗斯
http://p8srnd1i0.bkt.clouddn.com/football_star_img_v2/Dmitriy Kombarov+nan+182CM/q245.png,孔巴罗夫,Dmitriy Kombarov,,182CM,俄罗斯
http://p8srnd1i0.bkt.clouddn.com/football_star_img_v2/Artur Yusupov+nan+179CM/q246.png,尤苏波夫,Artur Yusupov,,179CM,俄罗斯
http://p8srnd1i0.bkt.clouddn.com/football_star_img_v2/Sergei Ignashevitch+nan+187CM/q247.png,伊格纳舍维奇,Sergei Ignashevitch,,187CM,俄罗斯
http://p8srnd1i0.bkt.clouddn.com/football_star_img_v2/Roman Shishkin+nan+176CM/q248.png,什什金,Roman Shishkin,,176CM,俄罗斯
http://p8srnd1i0.bkt.clouddn.com/football_star_img_v2/Igor Smolnikov+1988-08-08+178CM/q249.png,斯莫尔尼科夫,Igor Smolnikov,1988-08-08,178CM,俄罗斯
http://p8srnd1i0.bkt.clouddn.com/football_star_img_v2/Igor Akinfeev+1986-04-08+186CM/q250.png,阿金费耶夫,Igor Akinfeev,1986-04-08,186CM,俄罗斯
http://p8srnd1i0.bkt.clouddn.com/football_star_img_v2/Juri Lodygin+nan+187CM/q251.png,洛迪金,Juri Lodygin,,187CM,俄罗斯
http://p8srnd1i0.bkt.clouddn.com/football_star_img_v2/Guilherme Alvim Marinato+nan+197CM/q252.png,艾尔文,Guilherme Alvim Marinato,,197CM,俄罗斯
http://p8srnd1i0.bkt.clouddn.com/football_star_img_v2/lvaro Morata+nan+189CM/q253.png,莫拉塔,lvaro Morata,,189CM,西班牙
http://p8srnd1i0.bkt.clouddn.com/football_star_img_v2/Manuel Agudo Durán+nan+175CM/q254.png,诺利托,Manuel Agudo Durán,,175CM,西班牙
http://p8srnd1i0.bkt.clouddn.com/football_star_img_v2/Lucas Vázquez Iglesias+nan+173CM/q255.png,巴斯克斯,Lucas Vázquez Iglesias,,173CM,西班牙
http://p8srnd1i0.bkt.clouddn.com/football_star_img_v2/Aritz Aduriz+nan+182CM/q256.png,阿杜里斯,Aritz Aduriz,,182CM,西班牙
http://p8srnd1i0.bkt.clouddn.com/football_star_img_v2/Jorge Resurrección+nan+177CM/q257.png,科克,Jorge Resurrección,,177CM,西班牙
http://p8srnd1i0.bkt.clouddn.com/football_star_img_v2/Pedro Rodríguez Ledesma+nan+169CM/q258.png,佩德罗,Pedro Rodríguez Ledesma,,169CM,西班牙
http://p8srnd1i0.bkt.clouddn.com/football_star_img_v2/David Silva+nan+173CM/q259.png,席尔瓦,David Silva,,173CM,西班牙
http://p8srnd1i0.bkt.clouddn.com/football_star_img_v2/Cesc Fabregas+nan+180CM/q260.png,法布雷加斯,Cesc Fabregas,,180CM,西班牙
http://p8srnd1i0.bkt.clouddn.com/football_star_img_v2/Bruno Soriano Llido+nan+184CM/q261.png,索里亚诺,Bruno Soriano Llido,,184CM,西班牙
http://p8srnd1i0.bkt.clouddn.com/football_star_img_v2/Sergio Busquets+nan+189CM/q262.png,布斯克茨,Sergio Busquets,,189CM,西班牙
http://p8srnd1i0.bkt.clouddn.com/football_star_img_v2/Thiago Alcántara do Nascimento+nan+174CM/q263.png,蒂亚戈,Thiago Alcántara do Nascimento,,174CM,西班牙
http://p8srnd1i0.bkt.clouddn.com/football_star_img_v2/Andrés Iniesta+1984-05-11+171CM/q264.png,伊涅斯塔,Andrés Iniesta,1984-05-11,171CM,西班牙
http://p8srnd1i0.bkt.clouddn.com/football_star_img_v2/Jordi Alba+1989-03-21+170CM/q265.png,阿尔巴,Jordi Alba,1989-03-21,170CM,西班牙
http://p8srnd1i0.bkt.clouddn.com/football_star_img_v2/Gerard Piqué+1987-02-02+194CM/q266.png,皮克,Gerard Piqué,1987-02-02,194CM,西班牙
http://p8srnd1i0.bkt.clouddn.com/football_star_img_v2/Sergio Ramos+1986-03-30+183CM/q267.png,拉莫斯,Sergio Ramos,1986-03-30,183CM,西班牙
http://p8srnd1i0.bkt.clouddn.com/football_star_img_v2/Marc Bartra+nan+184CM/q268.png,巴尔特拉,Marc Bartra,,184CM,西班牙
http://p8srnd1i0.bkt.clouddn.com/football_star_img_v2/César Azpilicueta+1989-08-28+178CM/q269.png,阿斯皮利奎塔,César Azpilicueta,1989-08-28,178CM,西班牙
http://p8srnd1i0.bkt.clouddn.com/football_star_img_v2/Juan Francisco Torres Belén+nan+180CM/q270.png,胡安弗兰,Juan Francisco Torres Belén,,180CM,西班牙
http://p8srnd1i0.bkt.clouddn.com/football_star_img_v2/Mikel San José+nan+187CM/q271.png,圣何塞,Mikel San José,,187CM,西班牙
http://p8srnd1i0.bkt.clouddn.com/football_star_img_v2/Héctor Bellerín+nan+178CM/q272.png,贝莱林,Héctor Bellerín,,178CM,西班牙
http://p8srnd1i0.bkt.clouddn.com/football_star_img_v2/Iker Casillas+nan+185CM/q273.png,卡西利亚斯,Iker Casillas,,185CM,西班牙
http://p8srnd1i0.bkt.clouddn.com/football_star_img_v2/David de Gea+1990-11-07+192CM/q274.png,德赫亚,David de Gea,1990-11-07,192CM,西班牙
http://p8srnd1i0.bkt.clouddn.com/football_star_img_v2/Sergio Rico González+nan+195CM/q275.png,里科,Sergio Rico González,,195CM,西班牙
http://p8srnd1i0.bkt.clouddn.com/football_star_img_v2/Robson de Souza +nan+172CM/q276.png,罗比尼奥,Robson de Souza ,,172CM,巴西
http://p8srnd1i0.bkt.clouddn.com/football_star_img_v2/Diego Tardelli Martins+nan+180CM/q277.png,塔尔德利,Diego Tardelli Martins,,180CM,巴西
http://p8srnd1i0.bkt.clouddn.com/football_star_img_v2/Neymar da Silva Santos Júnior+nan+175CM/q278.png,内马尔,Neymar da Silva Santos Júnior,,175CM,巴西
http://p8srnd1i0.bkt.clouddn.com/football_star_img_v2/Roberto Firmino Barbosa de Oliveira+nan+181CM/q279.png,菲尔米诺,Roberto Firmino Barbosa de Oliveira,,181CM,巴西
http://p8srnd1i0.bkt.clouddn.com/football_star_img_v2/Givanildo Vieira de Souza+nan+180CM/q280.png,胡尔克,Givanildo Vieira de Souza,,180CM,巴西
http://p8srnd1i0.bkt.clouddn.com/football_star_img_v2/Willian Borges Da Silva+nan+175CM/q281.png,威廉,Willian Borges Da Silva,,175CM,巴西
http://p8srnd1i0.bkt.clouddn.com/football_star_img_v2/Fernando Luiz Rosa+nan+179CM/q282.png,费尔南迪奥,Fernando Luiz Rosa,,179CM,巴西
http://p8srnd1i0.bkt.clouddn.com/football_star_img_v2/Elias Mendes Mendes Trindade +nan+173CM/q283.png,埃利亚斯·门,Elias Mendes Mendes Trindade ,,173CM,巴西
http://p8srnd1i0.bkt.clouddn.com/football_star_img_v2/Douglas Costa De Souza+nan+172CM/q284.png,科斯塔,Douglas Costa De Souza,,172CM,巴西
http://p8srnd1i0.bkt.clouddn.com/football_star_img_v2/Philippe Coutinho+1992-06-12+171CM/q285.png,库蒂尼奥,Philippe Coutinho,1992-06-12,171CM,巴西
http://p8srnd1i0.bkt.clouddn.com/football_star_img_v2/Carlos Henrique José Francisco Venncio+nan+184CM/q286.png,卡塞米罗,Carlos Henrique José Francisco Venncio,,184CM,巴西
http://p8srnd1i0.bkt.clouddn.com/football_star_img_v2/Joo Miranda De Souza Filho+nan+186CM/q287.png,米兰达,Joo Miranda De Souza Filho,,186CM,巴西
http://p8srnd1i0.bkt.clouddn.com/football_star_img_v2/Daniel Alves da Silva+nan+172CM/q288.png,阿尔维斯,Daniel Alves da Silva,,172CM,巴西
http://p8srnd1i0.bkt.clouddn.com/football_star_img_v2/Filipe Luis Kasmirski+nan+182CM/q289.png,菲利佩-路易,Filipe Luis Kasmirski,,182CM,巴西
http://p8srnd1i0.bkt.clouddn.com/football_star_img_v2/David Luiz Moreira Marinho+nan+189CM/q290.png,大卫路易斯,David Luiz Moreira Marinho,,189CM,巴西
http://p8srnd1i0.bkt.clouddn.com/football_star_img_v2/Marcos Aoas Correa+nan+183CM/q291.png,马基尼奥斯,Marcos Aoas Correa,,183CM,巴西
http://p8srnd1i0.bkt.clouddn.com/football_star_img_v2/Fabio Henrique Tavares+nan+188CM/q292.png,法比尼奥,Fabio Henrique Tavares,,188CM,巴西
http://p8srnd1i0.bkt.clouddn.com/football_star_img_v2/Jefferson de Oliveira Galvao+nan+188CM/q293.png,杰弗森,Jefferson de Oliveira Galvao,,188CM,巴西
http://p8srnd1i0.bkt.clouddn.com/football_star_img_v2/Marcelo Grohe+nan+188CM/q294.png,马塞罗·格罗,Marcelo Grohe,,188CM,巴西
http://p8srnd1i0.bkt.clouddn.com/football_star_img_v2/Norberto Murara Neto+nan+190CM/q295.png,内托,Norberto Murara Neto,,190CM,巴西
http://p8srnd1i0.bkt.clouddn.com/football_star_img_v2/José Paolo Guerrero+nan+185CM/q296.png,格雷罗,José Paolo Guerrero,,185CM,秘鲁
http://p8srnd1i0.bkt.clouddn.com/football_star_img_v2/Renato Tapia+1995-07-28+185CM/q297.png,塔皮亚,Renato Tapia,1995-07-28,185CM,秘鲁
http://p8srnd1i0.bkt.clouddn.com/football_star_img_v2/Cristiano Ronaldo+1985-02-05+185CM/q298.png,C罗,Cristiano Ronaldo,1985-02-05,185CM,葡萄牙
http://p8srnd1i0.bkt.clouddn.com/football_star_img_v2/Rafael Alexandre Fernandes Ferreira Silva+nan+170CM/q299.png,R.席尔瓦,Rafael Alexandre Fernandes Ferreira Silva,,170CM,葡萄牙
http://p8srnd1i0.bkt.clouddn.com/football_star_img_v2/Luís Almeida da Cunha+nan+177CM/q300.png,纳尼,Luís Almeida da Cunha,,177CM,葡萄牙
http://p8srnd1i0.bkt.clouddn.com/football_star_img_v2/Ederzito Antonio Macedo Lopes+nan+188CM/q301.png,E.洛佩斯,Ederzito Antonio Macedo Lopes,,188CM,葡萄牙
http://p8srnd1i0.bkt.clouddn.com/football_star_img_v2/Ricardo Andrade Quaresma Bernardo+nan+175CM/q302.png,夸雷斯马,Ricardo Andrade Quaresma Bernardo,,175CM,葡萄牙
http://p8srnd1i0.bkt.clouddn.com/football_star_img_v2/Adrien Sebastian Perruchet Silva+nan+176CM/q303.png,A.席尔瓦,Adrien Sebastian Perruchet Silva,,176CM,葡萄牙
http://p8srnd1i0.bkt.clouddn.com/football_star_img_v2/Joao Filipe Iria Santos Moutinho+nan+170CM/q304.png,穆蒂尼奥,Joao Filipe Iria Santos Moutinho,,170CM,葡萄牙
http://p8srnd1i0.bkt.clouddn.com/football_star_img_v2/Renato Junior Luz Sanches+nan+176CM/q305.png,雷纳托·桑切,Renato Junior Luz Sanches,,176CM,葡萄牙
http://p8srnd1i0.bkt.clouddn.com/football_star_img_v2/Joo Mário Eduardo+nan+179CM/q306.png,马里奥,Joo Mário Eduardo,,179CM,葡萄牙
http://p8srnd1i0.bkt.clouddn.com/football_star_img_v2/William Silva de Carvalho+nan+190CM/q307.png,W.卡瓦略,William Silva de Carvalho,,190CM,葡萄牙
http://p8srnd1i0.bkt.clouddn.com/football_star_img_v2/André Filipe Tavares Gomes+nan+188CM/q308.png,戈麦斯,André Filipe Tavares Gomes,,188CM,葡萄牙
http://p8srnd1i0.bkt.clouddn.com/football_star_img_v2/Danilo Luís Hélio Pereira+nan+188CM/q309.png,D.佩雷拉,Danilo Luís Hélio Pereira,,188CM,葡萄牙
http://p8srnd1i0.bkt.clouddn.com/football_star_img_v2/Képler Laveran Lima Ferreira+nan+188CM/q310.png,佩佩,Képler Laveran Lima Ferreira,,188CM,葡萄牙
http://p8srnd1i0.bkt.clouddn.com/football_star_img_v2/Jose Miguel da Rocha Fonte+nan+187CM/q311.png,冯特,Jose Miguel da Rocha Fonte,,187CM,葡萄牙
http://p8srnd1i0.bkt.clouddn.com/football_star_img_v2/Adelino André Vieira de Freitas+nan+172CM/q312.png,维埃里尼亚,Adelino André Vieira de Freitas,,172CM,葡萄牙
http://p8srnd1i0.bkt.clouddn.com/football_star_img_v2/Eliseu Pereira Dos Santos+nan+176CM/q313.png,E.佩雷拉,Eliseu Pereira Dos Santos,,176CM,葡萄牙
http://p8srnd1i0.bkt.clouddn.com/football_star_img_v2/Ricardo Alberto Silveira de Carvalho+nan+183CM/q314.png,卡瓦略,Ricardo Alberto Silveira de Carvalho,,183CM,葡萄牙
http://p8srnd1i0.bkt.clouddn.com/football_star_img_v2/Raphael Guerreiro+1993-12-22+170CM/q315.png,圭雷罗,Raphael Guerreiro,1993-12-22,170CM,葡萄牙
http://p8srnd1i0.bkt.clouddn.com/football_star_img_v2/Rui Pedro dos Santos Patricio+nan+189CM/q316.png,帕特里西奥,Rui Pedro dos Santos Patricio,,189CM,葡萄牙
http://p8srnd1i0.bkt.clouddn.com/football_star_img_v2/Anthony Lopes+1990-10-01+184CM/q317.png,A.洛佩斯,Anthony Lopes,1990-10-01,184CM,葡萄牙
http://p8srnd1i0.bkt.clouddn.com/football_star_img_v2/Eduardo dos Reis Carvalho+nan+187CM/q318.png,爱德华多.卡,Eduardo dos Reis Carvalho,,187CM,葡萄牙
http://p8srnd1i0.bkt.clouddn.com/football_star_img_v2/Robbie Kruse+1988-10-05+179CM/q319.png,克鲁斯,Robbie Kruse,1988-10-05,179CM,澳大利亚
http://p8srnd1i0.bkt.clouddn.com/football_star_img_v2/Nathan Burns+nan+173CM/q320.png,纳森·伯恩斯,Nathan Burns,,173CM,澳大利亚
http://p8srnd1i0.bkt.clouddn.com/football_star_img_v2/Mathew Leckie+1991-02-04+181CM/q321.png,莱基,Mathew Leckie,1991-02-04,181CM,澳大利亚
http://p8srnd1i0.bkt.clouddn.com/football_star_img_v2/Massimo Luongo+1992-09-25+176CM/q322.png,卢昂戈,Massimo Luongo,1992-09-25,176CM,澳大利亚
http://p8srnd1i0.bkt.clouddn.com/football_star_img_v2/Tommy Oar+nan+170CM/q323.png,奥尔,Tommy Oar,,170CM,澳大利亚
http://p8srnd1i0.bkt.clouddn.com/football_star_img_v2/Mile Jedinak+1984-08-03+189CM/q324.png,耶迪纳克,Mile Jedinak,1984-08-03,189CM,澳大利亚
http://p8srnd1i0.bkt.clouddn.com/football_star_img_v2/Terry Antonis+nan+178CM/q325.png,安东尼斯,Terry Antonis,,178CM,澳大利亚
http://p8srnd1i0.bkt.clouddn.com/football_star_img_v2/Matt McKay+nan+171CM/q326.png,迈凯,Matt McKay,,171CM,澳大利亚
http://p8srnd1i0.bkt.clouddn.com/football_star_img_v2/Mark Milligan+1985-08-04+178CM/q327.png,米利甘,Mark Milligan,1985-08-04,178CM,澳大利亚
http://p8srnd1i0.bkt.clouddn.com/football_star_img_v2/Jason Davidson+nan+180CM/q328.png,戴维森,Jason Davidson,,180CM,澳大利亚
http://p8srnd1i0.bkt.clouddn.com/football_star_img_v2/Chris Herd+nan+173CM/q329.png,赫德,Chris Herd,,173CM,澳大利亚
http://p8srnd1i0.bkt.clouddn.com/football_star_img_v2/Trent Sainsbury+1992-01-05+183CM/q330.png,赛恩斯布里,Trent Sainsbury,1992-01-05,183CM,澳大利亚
http://p8srnd1i0.bkt.clouddn.com/football_star_img_v2/Alex Wilkinson+nan+187CM/q331.png,威尔金森,Alex Wilkinson,,187CM,澳大利亚
http://p8srnd1i0.bkt.clouddn.com/football_star_img_v2/Mathew Ryan+nan+184CM/q332.png,马修·莱恩,Mathew Ryan,,184CM,澳大利亚
http://p8srnd1i0.bkt.clouddn.com/football_star_img_v2/Mitchell Langerak+nan+193CM/q333.png,朗格拉克,Mitchell Langerak,,193CM,澳大利亚
http://p8srnd1i0.bkt.clouddn.com/football_star_img_v2/Eugene Galekovic+nan+188CM/q334.png,加列科维奇,Eugene Galekovic,,188CM,澳大利亚
http://p8srnd1i0.bkt.clouddn.com/football_star_img_v2/Marlos Moreno Duran+nan+171CM/q335.png,莫雷诺,Marlos Moreno Duran,,171CM,哥伦比亚
http://p8srnd1i0.bkt.clouddn.com/football_star_img_v2/James Rodríguez+1991-07-12+180CM/q336.png,J罗德里格斯,James Rodríguez,1991-07-12,180CM,哥伦比亚
http://p8srnd1i0.bkt.clouddn.com/football_star_img_v2/Carlos Bacca+1986-09-08+181CM/q337.png,巴卡,Carlos Bacca,1986-09-08,181CM,哥伦比亚
http://p8srnd1i0.bkt.clouddn.com/football_star_img_v2/Carlos Sánchez+1986-02-06+182CM/q338.png,桑切斯,Carlos Sánchez,1986-02-06,182CM,哥伦比亚
http://p8srnd1i0.bkt.clouddn.com/football_star_img_v2/Juan Cuadrado+nan+179CM/q339.png,夸德拉多,Juan Cuadrado,,179CM,哥伦比亚
http://p8srnd1i0.bkt.clouddn.com/football_star_img_v2/Daniel Torres+nan+183CM/q340.png,托雷斯,Daniel Torres,,183CM,哥伦比亚
http://p8srnd1i0.bkt.clouddn.com/football_star_img_v2/Cristian Zapata+1986-09-30+187CM/q341.png,萨帕塔,Cristian Zapata,1986-09-30,187CM,哥伦比亚
http://p8srnd1i0.bkt.clouddn.com/football_star_img_v2/Santiago Arias+1992-01-13+177CM/q342.png,阿里亚斯,Santiago Arias,1992-01-13,177CM,哥伦比亚
http://p8srnd1i0.bkt.clouddn.com/football_star_img_v2/Jeison Murillo+nan+182CM/q343.png,穆里略,Jeison Murillo,,182CM,哥伦比亚
http://p8srnd1i0.bkt.clouddn.com/football_star_img_v2/John Steffan Medina +nan+179CM/q344.png,斯蒂凡·梅迪,John Steffan Medina ,,179CM,哥伦比亚
http://p8srnd1i0.bkt.clouddn.com/football_star_img_v2/David Ospina+nan+183CM/q345.png,奥斯皮纳,David Ospina,,183CM,哥伦比亚
http://p8srnd1i0.bkt.clouddn.com/football_star_img_v2/Leroy Sané+1996-01-11+183CM/q346.png,萨内,Leroy Sané,1996-01-11,183CM,德国
http://p8srnd1i0.bkt.clouddn.com/football_star_img_v2/Thomas Müller+nan+186CM/q347.png,穆勒,Thomas Müller,,186CM,德国
http://p8srnd1i0.bkt.clouddn.com/football_star_img_v2/Andre Schurrle+nan+184CM/q348.png,许尔勒,Andre Schurrle,,184CM,德国
http://p8srnd1i0.bkt.clouddn.com/football_star_img_v2/Lukas Podolski+nan+182CM/q349.png,波多尔斯基,Lukas Podolski,,182CM,德国
http://p8srnd1i0.bkt.clouddn.com/football_star_img_v2/Bastian Schweinsteiger+nan+183CM/q350.png,施魏因斯泰格,Bastian Schweinsteiger,,183CM,德国
http://p8srnd1i0.bkt.clouddn.com/football_star_img_v2/Joshua Kimmich+1995-02-08+176CM/q351.png,基米希,Joshua Kimmich,1995-02-08,176CM,德国
http://p8srnd1i0.bkt.clouddn.com/football_star_img_v2/Julian Weigl+nan+186CM/q352.png,魏格尔,Julian Weigl,,186CM,德国
http://p8srnd1i0.bkt.clouddn.com/football_star_img_v2/Julian Draxler+1993-09-20+187CM/q353.png,德拉克斯勒,Julian Draxler,1993-09-20,187CM,德国
http://p8srnd1i0.bkt.clouddn.com/football_star_img_v2/Toni Kroos+1990-01-04+182CM/q354.png,克罗斯,Toni Kroos,1990-01-04,182CM,德国
http://p8srnd1i0.bkt.clouddn.com/football_star_img_v2/Mesut zil+nan+180CM/q355.png,厄齐尔,Mesut zil,,180CM,德国
http://p8srnd1i0.bkt.clouddn.com/football_star_img_v2/Sami Khedira+1987-04-04+189CM/q356.png,赫迪拉,Sami Khedira,1987-04-04,189CM,德国
http://p8srnd1i0.bkt.clouddn.com/football_star_img_v2/Mario Gtze+nan+176CM/q357.png,格策,Mario Gtze,,176CM,德国
http://p8srnd1i0.bkt.clouddn.com/football_star_img_v2/Emre Can+nan+184CM/q358.png,坎,Emre Can,,184CM,德国
http://p8srnd1i0.bkt.clouddn.com/football_star_img_v2/Benedikt Howedes+nan+188CM/q359.png,赫韦德斯,Benedikt Howedes,,188CM,德国
http://p8srnd1i0.bkt.clouddn.com/football_star_img_v2/Antonio Rüdiger+1993-03-03+190CM/q360.png,鲁迪格,Antonio Rüdiger,1993-03-03,190CM,德国
http://p8srnd1i0.bkt.clouddn.com/football_star_img_v2/Jerome Boateng+nan+192CM/q361.png,博阿滕,Jerome Boateng,,192CM,德国
http://p8srnd1i0.bkt.clouddn.com/football_star_img_v2/Mats Hummels+1988-12-16+191CM/q362.png,胡梅尔斯,Mats Hummels,1988-12-16,191CM,德国
http://p8srnd1i0.bkt.clouddn.com/football_star_img_v2/Shkodran Mustafi+nan+184CM/q363.png,穆斯塔菲,Shkodran Mustafi,,184CM,德国
http://p8srnd1i0.bkt.clouddn.com/football_star_img_v2/Jonas Hector+1990-05-27+185CM/q364.png,埃克托,Jonas Hector,1990-05-27,185CM,德国
http://p8srnd1i0.bkt.clouddn.com/football_star_img_v2/Bernd Leno+1992-03-04+190CM/q365.png,莱诺,Bernd Leno,1992-03-04,190CM,德国
http://p8srnd1i0.bkt.clouddn.com/football_star_img_v2/Manuel Neuer+nan+193CM/q366.png,诺伊尔,Manuel Neuer,,193CM,德国
http://p8srnd1i0.bkt.clouddn.com/football_star_img_v2/Marc-André ter Stegen+1992-04-30+187CM/q367.png,特斯特根,Marc-André ter Stegen,1992-04-30,187CM,德国
http://p8srnd1i0.bkt.clouddn.com/football_star_img_v2/Karim Ansarifard +nan+181CM/q368.png,安萨里法德,Karim Ansarifard ,,181CM,伊朗
http://p8srnd1i0.bkt.clouddn.com/football_star_img_v2/Reza Ghoochannejhad+1987-09-20+180CM/q369.png,古尚内哈德,Reza Ghoochannejhad,1987-09-20,180CM,伊朗
http://p8srnd1i0.bkt.clouddn.com/football_star_img_v2/Alireza Jahanbakhsh+1993-08-11+180CM/q370.png,贾汉巴赫什,Alireza Jahanbakhsh,1993-08-11,180CM,伊朗
http://p8srnd1i0.bkt.clouddn.com/football_star_img_v2/Sardar Azmoun+1995-01-01+178CM/q371.png,阿兹穆恩,Sardar Azmoun,1995-01-01,178CM,伊朗
http://p8srnd1i0.bkt.clouddn.com/football_star_img_v2/Javad Nekounam+nan+186CM/q372.png,内科南,Javad Nekounam,,186CM,伊朗
http://p8srnd1i0.bkt.clouddn.com/football_star_img_v2/Masoud Shojaei+1984-06-09+184CM/q373.png,舒贾埃,Masoud Shojaei,1984-06-09,184CM,伊朗
http://p8srnd1i0.bkt.clouddn.com/football_star_img_v2/Alireza Haghighi+nan+193CM/q374.png,哈吉吉,Alireza Haghighi,,193CM,伊朗
http://p8srnd1i0.bkt.clouddn.com/football_star_img_v2/Kolbeinn Sigthorsson+nan+185CM/q375.png,西格索尔森,Kolbeinn Sigthorsson,,185CM,冰岛
http://p8srnd1i0.bkt.clouddn.com/football_star_img_v2/Jon Bodvarsson+nan+190CM/q376.png,博德沃拉森,Jon Bodvarsson,,190CM,冰岛
http://p8srnd1i0.bkt.clouddn.com/football_star_img_v2/Alfred Finnbogason+1989-02-01+184CM/q377.png,芬博加森,Alfred Finnbogason,1989-02-01,184CM,冰岛
http://p8srnd1i0.bkt.clouddn.com/football_star_img_v2/Arnor Ingvi Traustason+1993-04-30+182CM/q378.png,特斯塔森,Arnor Ingvi Traustason,1993-04-30,182CM,冰岛
http://p8srnd1i0.bkt.clouddn.com/football_star_img_v2/Birkir Bjarnason+1988-05-27+182CM/q379.png,B.巴纳森,Birkir Bjarnason,1988-05-27,182CM,冰岛
http://p8srnd1i0.bkt.clouddn.com/football_star_img_v2/Theodor Elmar Bjarnason+nan+183CM/q380.png,E.巴纳森,Theodor Elmar Bjarnason,,183CM,冰岛
http://p8srnd1i0.bkt.clouddn.com/football_star_img_v2/Emil Hallfredsson+1984-06-29+185CM/q381.png,哈尔弗雷德森,Emil Hallfredsson,1984-06-29,185CM,冰岛
http://p8srnd1i0.bkt.clouddn.com/football_star_img_v2/Aron Gunnarsson+1989-04-22+177CM/q382.png,古纳尔森,Aron Gunnarsson,1989-04-22,177CM,冰岛
http://p8srnd1i0.bkt.clouddn.com/football_star_img_v2/Johann Berg Gudmundsson+1990-10-27+186CM/q383.png,古德蒙德森,Johann Berg Gudmundsson,1990-10-27,186CM,冰岛
http://p8srnd1i0.bkt.clouddn.com/football_star_img_v2/Gylfi Thor Sigurdsson+nan+186CM/q384.png,G.西古德森,Gylfi Thor Sigurdsson,,186CM,冰岛
http://p8srnd1i0.bkt.clouddn.com/football_star_img_v2/Ari Freyr Skulason+nan+170CM/q385.png,斯库拉森,Ari Freyr Skulason,,170CM,冰岛
http://p8srnd1i0.bkt.clouddn.com/football_star_img_v2/Birkir Saevarsson+nan+187CM/q386.png,萨瓦森,Birkir Saevarsson,,187CM,冰岛
http://p8srnd1i0.bkt.clouddn.com/football_star_img_v2/Kári Arnason+1982-10-13+190CM/q387.png,阿纳森,Kári Arnason,1982-10-13,190CM,冰岛
http://p8srnd1i0.bkt.clouddn.com/football_star_img_v2/Ragnar Sigurdsson+1986-06-19+187CM/q388.png,G.西古德森,Ragnar Sigurdsson,1986-06-19,187CM,冰岛
http://p8srnd1i0.bkt.clouddn.com/football_star_img_v2/Sverrir Ingi Ingason+1993-08-05+188CM/q389.png,因格森,Sverrir Ingi Ingason,1993-08-05,188CM,冰岛
http://p8srnd1i0.bkt.clouddn.com/football_star_img_v2/Hordur Bjorgvin Magnusson+nan+190CM/q390.png,马格努森,Hordur Bjorgvin Magnusson,,190CM,冰岛
http://p8srnd1i0.bkt.clouddn.com/football_star_img_v2/Hjortur Hermannsson +nan+189CM/q391.png,赫尔曼森,Hjortur Hermannsson ,,189CM,冰岛
http://p8srnd1i0.bkt.clouddn.com/football_star_img_v2/Hannes Halldorsson+nan+193CM/q392.png,哈尔多松,Hannes Halldorsson,,193CM,冰岛
http://p8srnd1i0.bkt.clouddn.com/football_star_img_v2/Ogmundur Kristinsson+nan+192CM/q393.png,克里斯丁森,Ogmundur Kristinsson,,192CM,冰岛
http://p8srnd1i0.bkt.clouddn.com/football_star_img_v2/Zlatan Ibrahimovic+nan+195CM/q394.png,伊布,Zlatan Ibrahimovic,,195CM,瑞典
http://p8srnd1i0.bkt.clouddn.com/football_star_img_v2/Marcus Berg+1986-08-17+184CM/q395.png,贝里,Marcus Berg,1986-08-17,184CM,瑞典
http://p8srnd1i0.bkt.clouddn.com/football_star_img_v2/John Guidetti+1992-04-15+185CM/q396.png,圭德蒂,John Guidetti,1992-04-15,185CM,瑞典
http://p8srnd1i0.bkt.clouddn.com/football_star_img_v2/Emir Kujovic+nan+194CM/q397.png,库约维奇,Emir Kujovic,,194CM,瑞典
http://p8srnd1i0.bkt.clouddn.com/football_star_img_v2/Erkan Zengin+nan+180CM/q398.png,泽金,Erkan Zengin,,180CM,瑞典
http://p8srnd1i0.bkt.clouddn.com/football_star_img_v2/Jakup Jimmy Durmaz+nan+180CM/q399.png,杜马斯,Jakup Jimmy Durmaz,,180CM,瑞典
http://p8srnd1i0.bkt.clouddn.com/football_star_img_v2/Sebastian Bengt Ulf Larsson+nan+178CM/q400.png,拉尔森,Sebastian Bengt Ulf Larsson,,178CM,瑞典
http://p8srnd1i0.bkt.clouddn.com/football_star_img_v2/Albin Ekdal+nan+186CM/q401.png,埃克达尔,Albin Ekdal,,186CM,瑞典
http://p8srnd1i0.bkt.clouddn.com/football_star_img_v2/Emil Peter Forsberg+nan+179CM/q402.png,福斯贝里,Emil Peter Forsberg,,179CM,瑞典
http://p8srnd1i0.bkt.clouddn.com/football_star_img_v2/Carl Oscar Johan Lewicki+nan+173CM/q403.png,莱维基,Carl Oscar Johan Lewicki,,173CM,瑞典
http://p8srnd1i0.bkt.clouddn.com/football_star_img_v2/Oscar Hiljemark+1992-06-28+184CM/q404.png,希利耶马克,Oscar Hiljemark,1992-06-28,184CM,瑞典
http://p8srnd1i0.bkt.clouddn.com/football_star_img_v2/Pontus Wernbloom+nan+187CM/q405.png,温布隆姆,Pontus Wernbloom,,187CM,瑞典
http://p8srnd1i0.bkt.clouddn.com/football_star_img_v2/Martin Tony Waikwa Olsson+nan+178CM/q406.png,M.奥尔森,Martin Tony Waikwa Olsson,,178CM,瑞典
http://p8srnd1i0.bkt.clouddn.com/football_star_img_v2/Mikael Lustig+1986-12-13+189CM/q407.png,鲁斯迪格,Mikael Lustig,1986-12-13,189CM,瑞典
http://p8srnd1i0.bkt.clouddn.com/football_star_img_v2/Erik Johansson+nan+191CM/q408.png,约翰森,Erik Johansson,,191CM,瑞典
http://p8srnd1i0.bkt.clouddn.com/football_star_img_v2/Andreas Granqvist+1985-04-16+192CM/q409.png,格兰奎斯特,Andreas Granqvist,1985-04-16,192CM,瑞典
http://p8srnd1i0.bkt.clouddn.com/football_star_img_v2/Victor Nilsson Lindelof+nan+187CM/q410.png,林德洛夫,Victor Nilsson Lindelof,,187CM,瑞典
http://p8srnd1i0.bkt.clouddn.com/football_star_img_v2/Pontus Sven Gustav Jansson+nan+194CM/q411.png,简森,Pontus Sven Gustav Jansson,,194CM,瑞典
http://p8srnd1i0.bkt.clouddn.com/football_star_img_v2/Hans Carl Ludwig Augustinsson+nan+181CM/q412.png,奥古斯丁森,Hans Carl Ludwig Augustinsson,,181CM,瑞典
http://p8srnd1i0.bkt.clouddn.com/football_star_img_v2/Andreas Isaksson+nan+200CM/q413.png,伊萨克森,Andreas Isaksson,,200CM,瑞典
http://p8srnd1i0.bkt.clouddn.com/football_star_img_v2/Robin Patrick Olsen+nan+198CM/q414.png,R.奥尔森,Robin Patrick Olsen,,198CM,瑞典
http://p8srnd1i0.bkt.clouddn.com/football_star_img_v2/Patrik Carlgren+nan+188CM/q415.png,卡尔格伦,Patrik Carlgren,,188CM,瑞典
